{"loss": [2.5487265586853027, 1.273219347000122, 0.8548271656036377, 0.6086763739585876, 0.4713987708091736, 0.3377159535884857, 0.2726050913333893, 0.22578904032707214, 0.1822202503681183, 0.16001805663108826], "accuracy": [0.28881174325942993, 0.6118256449699402, 0.7324721217155457, 0.8056567311286926, 0.8478829860687256, 0.8901092410087585, 0.9095720648765564, 0.9281243085861206, 0.9390507340431213, 0.9471318125724792], "val_loss": [1.5612094402313232, 0.7481259703636169, 0.5562121272087097, 0.3497783839702606, 0.25509265065193176, 0.15466125309467316, 0.13549119234085083, 0.1187141016125679, 0.07194693386554718, 0.11494292318820953], "val_accuracy": [0.5359663367271423, 0.7668449878692627, 0.8225017189979553, 0.8884589076042175, 0.918222188949585, 0.9527657628059387, 0.9623264074325562, 0.9618711471557617, 0.9774072170257568, 0.9618711471557617]}